2015/05/23_14:29,eio.com,64.150.191.82,No,US
2015/05/23_14:29,workingmommagic.com,216.239.32.21,No,US
2015/05/23_14:29,vodi.la,178.172.181.160,No,BY
2015/05/23_14:29,fairtrade.org.uk,82.71.182.129,No,GB
2015/05/23_14:29,mp-energy.gr,5.172.196.190,No,GR
2015/05/23_14:29,rothmanfurniture.com,199.48.237.29,No,US
2015/05/23_14:29,3harmonydl.net,176.9.20.37,No,DE
2015/05/23_14:29,flymeubles.com,217.70.184.38,No,FR
2015/05/23_14:29,tvstanici.com,212.1.208.189,No,US
2015/05/23_14:29,wallpaperbases.com,97.74.215.186,No,US
2015/05/23_14:29,inube.com,46.45.155.138,No,TR
2015/05/23_14:29,elmasriaforcars.com,198.1.89.199,No,US
2015/05/23_14:30,biennialfoundation.org,217.16.185.160,No,CZ
2015/05/23_14:30,tankler.com,45.79.129.137,No,US
2015/05/23_14:30,navidiku.eu,83.169.46.194,No,DE
2015/05/23_14:30,royamattress.com,164.138.18.65,No,IR
2015/05/23_14:30,pgups.com,85.142.110.20,No,RU
2015/05/23_14:30,mrbreakfast.com,198.57.199.141,No,US
2015/05/23_14:30,lr-club.com,178.248.232.86,No,RU
2015/05/23_14:30,ekitapindir.biz,173.194.65.121,No,US
2015/05/23_14:30,whbl.com,198.101.128.97,No,US
2015/05/23_14:30,placesforpeople.co.uk,62.7.75.218,No,GB
2015/05/23_14:30,lizaalert.org,85.17.23.41,No,NL
2015/05/23_14:30,insolitonoticias.com,65.60.46.20,No,US
2015/05/23_14:30,atriummed.com,96.45.82.208,No,US
2015/05/23_14:30,loreal-paris.com.hk,203.193.100.62,No,HK
2015/05/23_14:30,alijiuzi.com,141.8.224.239,No,CH
2015/05/23_14:30,usmanacademy.com,162.255.119.88,No,US
2015/05/23_14:30,volcanolife.com,85.214.58.90,No,DE
2015/05/23_14:30,familytreesandcrests.com,108.60.21.29,No,CA
2015/05/23_14:30,lusailcity.qa,108.160.158.93,No,US
2015/05/23_14:30,stickyholsters.com,23.227.38.32,No,CA
2015/05/23_14:30,sexbabesart.com,162.244.34.149,No,US
2015/05/23_14:30,solarlunarx.blogspot.com.tr,74.125.136.132,No,US
2015/05/23_14:30,wtshop.co.kr,211.233.50.212,No,KR
2015/05/23_14:30,homecenter.com.co,200.10.172.42,No,CL
2015/05/23_14:30,ediaro.com,67.23.226.84,No,US
2015/05/23_14:30,macebiznes.pl,185.49.15.50,No,PL
2015/05/23_14:30,robertlubrican.com,209.212.146.12,No,US
2015/05/23_14:30,thoulovesthee.tumblr.com,66.6.43.21,No,US
2015/05/23_14:30,vintage-sunglasses-shop.com,85.13.139.177,No,DE
2015/05/23_14:30,cultizm.com,85.197.78.86,No,DE
2015/05/23_14:30,dotnet-france.com,195.154.235.88,No,FR
2015/05/23_14:30,mpz.co,79.175.173.223,No,IR
2015/05/23_14:30,sundaymail.co.zw,162.209.14.96,No,US
2015/05/23_14:30,asstel.de,213.71.19.25,No,DE
2015/05/23_14:30,jiazhao.com,203.110.169.50,No,CN
2015/05/23_14:30,ablesky.com,114.112.170.70,No,CN
2015/05/23_14:30,rothonline.de,213.239.215.152,No,DE
2015/05/23_14:30,lnwmarket.com,103.7.58.179,No,TH
2015/05/23_14:30,dkd.ru,195.93.181.87,No,RU
2015/05/23_14:30,chiangmaiarea1.go.th,202.143.130.125,No,TH
2015/05/23_14:30,semtech.com,66.193.46.231,No,US
2015/05/23_14:30,webit.ru,185.12.126.130,No,RU
2015/05/23_14:30,na-massage.com,5.39.4.252,No,FR
2015/05/23_14:30,namlongvn.com,112.213.89.161,No,VN
2015/05/23_14:30,elkgrovecity.org,155.254.147.130,No,CA
2015/05/23_14:30,oramd.com,72.32.143.1,No,US
2015/05/23_14:30,eciuchy.com.pl,46.105.133.223,No,FR
2015/05/23_14:30,ori.nic.in,164.100.140.2,No,IN
2015/05/23_14:30,lcontactos.com,82.98.163.147,No,ES
2015/05/23_14:30,campaign-archive2.com,205.201.132.96,No,US
2015/05/23_14:30,plushbezlimitu.pl,193.200.227.19,No,PL
2015/05/23_14:30,greenex-studio.com,91.234.35.10,No,UA
2015/05/23_14:30,oinobuko.com,157.112.145.2,No,JP
2015/05/23_14:30,jobsatkerala.com,107.180.2.201,No,US
2015/05/23_14:30,bikestore.com.mx,67.205.26.222,No,US
2015/05/23_14:30,hausschlachtebedarf.de,85.214.246.215,No,DE
2015/05/23_14:30,paidi.gr,174.129.25.170,No,US
2015/05/23_14:30,eamythic.com,54.85.178.10,No,US
2015/05/23_14:30,mysql.de,137.254.60.7,No,US
2015/05/23_14:30,iranfun2.ga,188.40.131.78,No,DE
2015/05/23_14:30,galt.mx,64.207.152.164,No,US
2015/05/23_14:30,mondoeconomia.com,37.187.147.21,No,FR
2015/05/23_14:30,betterplaced.com,188.95.129.222,No,GB
2015/05/23_14:30,bizenquiry.com,108.167.180.130,No,US
2015/05/23_14:30,gpina.com,216.133.111.141,No,US
2015/05/23_14:30,ferugby.es,87.106.63.197,No,DE
2015/05/23_14:30,kingautos.net,104.155.204.18,No,US
2015/05/23_14:30,hetras.com,37.202.7.22,No,DE
2015/05/23_14:30,eurotrucksimulator2.de,85.13.138.184,No,DE
2015/05/23_14:30,ferialibromadrid.com,146.255.100.160,No,ES
2015/05/23_14:30,healthimize.com,50.63.202.41,No,US
2015/05/23_14:30,upes.ac.in,205.204.76.169,No,CA
2015/05/23_14:30,cancercare.org,74.205.123.24,No,US
2015/05/23_14:30,terrybrooks.net,160.153.76.195,No,US
2015/05/23_14:30,alkhaleejonline.net,162.13.189.151,No,GB
2015/05/23_14:30,liveinstyle.com,180.179.207.188,No,IN
2015/05/23_14:30,turkcuturanci.com,93.184.144.114,No,TR
2015/05/23_14:30,citydogsrescuedc.org,199.34.228.46,No,US
2015/05/23_14:30,mratwork.com,195.154.58.245,No,FR
2015/05/23_14:30,amsilo.com,104.130.145.199,No,US
2015/05/23_14:30,taringamp3.org,104.18.43.207,No,US
2015/05/23_14:30,foromedios.com,104.28.26.71,No,US
2015/05/23_14:30,almol5as.com,184.168.47.225,No,US
2015/05/23_14:30,gcaa.ae,83.111.115.60,No,AE
2015/05/23_14:30,coupontrump.com,162.213.255.30,No,US
2015/05/23_14:30,designloud.com,192.185.203.206,No,US
2015/05/23_14:30,sp-fans.tv,84.19.178.141,No,DE
2015/05/23_14:30,nri.edu.in,50.63.197.13,No,US
2015/05/23_14:30,anyoption.com,178.22.68.85,No,CH
2015/05/23_14:30,marketplacester.com,66.147.244.227,No,US
2015/05/23_14:30,infocenter-odessa.com,78.47.184.21,No,DE
2015/05/23_14:30,escortsandbabes.com.au,162.159.246.179,No,US
2015/05/23_14:30,herbalsembuhku.com,216.239.38.21,No,US
2015/05/23_14:30,hardbritlads.com,209.200.46.36,No,US
2015/05/23_14:30,segundacita.blogspot.com,74.125.136.132,No,US
2015/05/23_14:30,reate.info,195.234.98.9,No,RU
2015/05/23_14:30,easymash.com,192.30.162.134,No,US
2015/05/23_14:30,eatingthaifood.com,205.186.155.89,No,US
2015/05/23_14:30,freescript.ir,188.165.246.145,No,FR
2015/05/23_14:30,chinaccs.com,104.129.128.131,No,US
2015/05/23_14:30,topratedfirms.com,199.233.255.89,No,US
2015/05/23_14:30,rayanhost.com,192.81.169.49,No,CA
2015/05/23_14:30,cablemas.com,201.160.104.108,No,MX
2015/05/23_14:30,popnews.biz,88.208.33.20,No,NL
2015/05/23_14:30,chevron.com,146.23.68.65,No,US
2015/05/23_14:30,visamapper.com,184.168.221.34,No,US
2015/05/23_14:30,citifmonline.com,184.168.47.225,No,US
2015/05/23_14:30,elblogdeyes.com,64.207.183.33,No,US
2015/05/23_14:30,tweetchup.com,107.170.30.83,No,US
2015/05/23_14:30,ralode.com,217.23.138.36,No,RU
2015/05/23_14:30,tuenti.com.ar,95.131.168.181,No,ES
2015/05/23_14:30,porn-in.com,74.117.179.209,No,US
2015/05/23_14:30,acnservices.com,70.40.136.224,No,US
2015/05/23_14:30,giraffesocialmedia.co.uk,213.175.206.48,No,GB
2015/05/23_14:30,edfeclairevotreclub.com,146.185.40.211,No,FR
2015/05/23_14:30,wood-film.ru,104.28.11.81,No,US
2015/05/23_14:30,trade.cz,80.79.27.6,No,CZ
2015/05/23_14:30,evdoforums.com,208.67.207.103,No,US
2015/05/23_14:30,mnbound.com,65.39.205.57,No,US
2015/05/23_14:30,3gwifi.net,210.245.90.208,No,VN
2015/05/23_14:30,scoopkart.com,192.254.189.233,No,US
2015/05/23_14:30,sevrg.ru,77.239.211.158,No,RU
2015/05/23_14:30,bitninja.io,80.249.163.184,No,HU
2015/05/23_14:30,notrickszone.com,5.9.66.61,No,DE
2015/05/23_14:30,irepeater.com,37.143.11.83,No,RU
2015/05/23_14:30,zsbenkova.sk,37.9.168.15,No,SK
2015/05/23_14:30,kanal24.az,70.40.211.48,No,US
2015/05/23_14:30,finek-nn.ru,178.208.83.9,No,RU
2015/05/23_14:30,angelikanetwork.com,141.8.226.15,No,CH
2015/05/23_14:30,180grader.dk,46.137.86.45,No,IE
2015/05/23_14:30,webshieldonline.com,54.230.128.234,No,US
2015/05/23_14:30,travelinfo.co.za,41.76.208.194,No,ZA
2015/05/23_14:30,diego10arnaiz.com,192.254.189.26,No,US
2015/05/23_14:30,horizonentrepreneurs.fr,88.190.222.193,No,FR
2015/05/23_14:30,mentholatum.tmall.com,140.205.172.86,No,CN
2015/05/23_14:30,ddnf.jp,202.210.188.20,No,JP
2015/05/23_14:30,ghertlez.com,108.168.216.248,No,US
2015/05/23_14:30,cardsynergy.com,66.219.46.94,No,US
2015/05/23_14:30,andelicashop.se,195.74.38.148,No,SE
2015/05/23_14:30,boldmedia.co.za,192.185.96.151,No,US
2015/05/23_14:30,australherbs.com.au,202.76.248.44,No,AU
2015/05/23_14:30,brostube.com,88.214.233.212,No,GB
2015/05/23_14:30,nuovaseduzionenaturale.it,181.224.135.94,No,US
2015/05/23_14:30,tacklenews.net,157.112.176.18,No,JP
2015/05/23_14:30,amtonline.org,208.115.47.202,No,US
2015/05/23_14:31,52rd.com,114.80.210.21,No,CN
2015/05/23_14:31,everestnews.com,72.95.219.29,No,US
2015/05/23_14:31,reinadelcielo.org,50.16.185.189,No,US
2015/05/23_14:31,antwerpmanagementschool.be,89.106.245.9,No,BE
2015/05/23_14:31,kiyanet.ir,5.144.130.35,No,IR
2015/05/23_14:31,schleswiger-ag.de,85.214.37.191,No,DE
2015/05/23_14:31,aggress.ru,31.28.24.131,No,RU
2015/05/23_14:31,pakistandating.net,66.154.10.28,No,US
2015/05/23_14:31,thingsyouneedknow.com,72.52.4.119,No,US
2015/05/23_14:31,phonemarket.nl,149.210.152.226,No,NL
2015/05/23_14:31,vulbox.com,180.97.164.67,No,CN
2015/05/23_14:31,riyadh2day.com,95.211.22.225,No,NL
2015/05/23_14:31,helenstats.com,108.179.249.245,No,US
2015/05/23_14:31,orangelake.com,208.84.181.131,No,US
2015/05/23_14:31,a-kaguya.com,49.212.233.204,No,JP
2015/05/23_14:31,mode-in-motion.com,46.105.74.231,No,FR
2015/05/23_14:31,airportsineurope.com,37.230.99.55,No,NL
2015/05/23_14:31,89966.com,192.126.122.217,No,US
2015/05/23_14:31,recoverytoolbox.com,208.76.175.51,No,US
2015/05/23_14:31,digitalbirdphotography.com,66.96.130.129,No,US
2015/05/23_14:31,allkpoper.com,50.116.2.242,No,US
2015/05/23_14:31,education4usa.info,54.174.136.70,No,US
2015/05/23_14:31,gdata.pl,195.205.70.129,No,PL
2015/05/23_14:31,mommalew.com,143.95.40.144,No,US
2015/05/23_14:31,germanporntube.biz,88.208.0.143,No,NL
2015/05/23_14:31,dhtmarket.com,211.233.50.162,No,KR
2015/05/23_14:31,dadimaakegharelunuskhe.com,192.185.51.80,No,US
2015/05/23_14:31,negahpub.com,79.175.172.29,No,IR
2015/05/23_14:31,mirrybolova.com.ua,89.184.73.174,No,UA
2015/05/23_14:31,co-construct.com,209.235.210.58,No,US
2015/05/23_14:31,clientexec.com,208.115.229.189,No,US
2015/05/23_14:31,marketingwithalex.com,69.16.244.67,No,US
2015/05/23_14:31,soulgaminghacks.com,173.254.28.38,No,US
2015/05/23_14:31,narino.info,138.128.181.122,No,US
2015/05/23_14:31,kickassbase.im,69.64.36.140,No,US
2015/05/23_14:31,yepp.nl,212.121.106.105,No,NL
2015/05/23_14:31,tiendainterpro.com,91.146.99.106,No,ES
2015/05/23_14:31,lifebet.ru,5.45.119.73,No,EE
2015/05/23_14:31,redsome.com,69.163.152.30,No,US
2015/05/23_14:31,ridetheducks.com,199.83.134.2,No,US
2015/05/23_14:31,borger-odoorn.nl,77.74.54.186,No,NL
2015/05/23_14:31,vodokanal.zp.ua,81.90.226.108,No,UA
2015/05/23_14:31,rollbase.com,54.208.73.191,No,US
2015/05/23_14:31,diputaciolleida.cat,195.77.149.73,No,ES
2015/05/23_14:31,pharmagest.com,194.8.150.132,No,FR
2015/05/23_14:31,pali-design.com,69.156.240.29,No,CA
2015/05/23_14:31,fishidy.com,54.163.236.0,No,US
2015/05/23_14:31,pof.fr,199.182.216.166,No,CA
2015/05/23_14:31,spd.org,54.225.85.116,No,US
2015/05/23_14:31,nomenu.com,23.253.121.1,No,US
2015/05/23_14:31,halifax-intermediariesonline.co.uk,195.171.195.144,No,GB
2015/05/23_14:31,pear-lover.tumblr.com,66.6.41.21,No,US
2015/05/23_14:31,dynamicbearings.com,69.16.216.177,No,US
2015/05/23_14:31,thedermblog.com,69.89.27.226,No,US
2015/05/23_14:31,investorimmigrationvisa.com,108.179.204.84,No,US
2015/05/23_14:31,kvadrat64.ru,89.108.104.81,No,RU
2015/05/23_14:31,boutiquehomes.com.au,216.146.46.10,No,US
2015/05/23_14:31,hangthanhly436.com,112.213.89.90,No,VN
2015/05/23_14:31,nationsonline.org,87.230.44.212,No,DE
2015/05/23_14:31,ufl.edu,128.227.9.48,No,US
2015/05/23_14:31,wallpapermine.com,104.28.22.56,No,US
2015/05/23_14:31,campustimesug.com,66.147.244.239,No,US
2015/05/23_14:31,blogs.sapo.pt,213.13.145.64,No,PT
2015/05/23_14:31,bilbaoturismo.net,212.55.21.7,No,ES
2015/05/23_14:31,swiftbic.com,69.175.62.226,No,US
2015/05/23_14:31,gajotres.net,104.131.166.73,No,US
2015/05/23_14:31,olivebeer.com,192.169.234.18,No,US
2015/05/23_14:31,tanijogonegoro.com,216.239.36.21,No,US
2015/05/23_14:31,apnaplan.com,104.28.2.117,No,US
2015/05/23_14:31,niusushi.cl,54.88.53.234,No,US
2015/05/23_14:31,hana-yoshi.net,119.245.213.48,No,JP
2015/05/23_14:31,axelspringer.de,195.50.176.70,No,DE
2015/05/23_14:31,efepae.gr,192.185.57.118,No,US
2015/05/23_14:31,knights-wood.com,192.254.234.202,No,US
2015/05/23_14:31,rumormillnews.com,63.247.83.147,No,US
2015/05/23_14:31,klikmbc.co.id,116.90.165.212,No,ID
2015/05/23_14:31,emoceanstudios.com.au,27.121.64.60,No,AU
2015/05/23_14:31,wmd.ru,87.245.204.34,No,GB
2015/05/23_14:31,ntv.org.np,202.45.144.60,No,NP
2015/05/23_14:31,auxiliar-enfermeria.com,217.76.130.167,No,ES
2015/05/23_14:31,boxil.jp,54.92.0.116,No,JP
2015/05/23_14:31,pamm.org,64.135.20.147,No,US
2015/05/23_14:31,azbukamedic.ru,62.109.16.216,No,RU
2015/05/23_14:31,sibzsolutions.com,75.125.217.182,No,US
2015/05/23_14:31,getresponse.my,207.8.198.8,No,US
2015/05/23_14:31,toyoas.jp,119.18.221.16,No,JP
2015/05/23_14:31,bycrazem.com,46.242.145.90,No,PL
2015/05/23_14:31,thecreativecollective.com.au,54.252.148.183,No,AU
2015/05/23_14:31,propelsteps.wordpress.com,192.0.78.13,No,US
2015/05/23_14:31,slaughterandmay.com,83.138.189.168,No,GB
2015/05/23_14:31,quemou.com,116.255.246.12,No,CN
2015/05/23_14:31,exetermarketingtips.co.uk,38.102.226.16,No,US
2015/05/23_14:31,seo.co.uk,185.24.99.98,No,GB
2015/05/23_14:31,ctqsolutions.com,68.71.96.181,No,US
2015/05/23_14:31,housebeautiful.com,199.27.76.185,No,US
2015/05/23_14:31,decathlon.fr,83.231.218.86,No,GB
2015/05/23_14:31,computrabajo.com.ec,104.130.228.67,No,US
2015/05/23_14:31,sitiodolivro.pt,91.121.179.70,No,FR
2015/05/23_14:31,healthyone.org,192.254.232.36,No,US
2015/05/23_14:31,probikeshop.fr,31.15.25.167,No,FR
2015/05/23_14:31,leekes.co.uk,134.213.140.162,No,GB
2015/05/23_14:31,anime-hen.net,46.166.187.185,No,NL
2015/05/23_14:31,javan98.com,213.136.80.6,No,DE
2015/05/23_14:31,vdeck.com,199.83.135.123,No,US
2015/05/23_14:31,medianewschannel.net,23.254.128.171,No,US
2015/05/23_14:31,fly.co.uk,62.116.130.8,No,DE
2015/05/23_14:31,caravan-salon.de,194.9.89.155,No,DE
2015/05/23_14:31,sexyamateurtube.net,162.244.34.16,No,US
2015/05/23_14:31,bloggermaruf.com,216.239.38.21,No,US
2015/05/23_14:31,solidus.gr,212.251.54.10,No,GR
2015/05/23_14:31,nervion.com.mx,64.71.37.39,No,US
2015/05/23_14:31,ebela.in,104.28.14.70,No,US
2015/05/23_14:31,acer-userforum.de,212.72.182.203,No,DE
2015/05/23_14:31,rclogger.com,178.77.123.111,No,DE
2015/05/23_14:31,ksfe.com,216.55.97.83,No,CA
2015/05/23_14:31,naibaat.pk,118.139.175.1,No,SG
2015/05/23_14:31,rinnai.us,146.148.32.61,No,US
2015/05/23_14:31,click-sec.com,210.193.112.143,No,JP
2015/05/23_14:31,f5poker.com,66.228.38.246,No,US
2015/05/23_14:32,nutritionalanarchy.com,67.43.0.90,No,US
2015/05/23_14:32,electroking.es,85.31.129.239,No,ES
2015/05/23_14:32,offshoregit.com,108.162.204.91,No,US
2015/05/23_14:32,dilforum.com,77.92.158.186,No,TR
2015/05/23_14:32,cybertlc.world,192.185.225.173,No,US
2015/05/23_14:32,serimalaysia.com.my,103.6.196.24,No,MY
2015/05/23_14:32,biz-stay.com,209.200.67.87,No,US
2015/05/23_14:32,natural-wonder-pets.com,66.43.60.245,No,CA
2015/05/23_14:32,dealsdoneright.com,50.87.248.129,No,US
2015/05/23_14:32,iwebyou.fr,213.186.33.17,No,FR
2015/05/23_14:32,bakershoes.com,70.35.129.8,No,PR
2015/05/23_14:32,bestselfatlanta.com,184.168.184.1,No,US
2015/05/23_14:32,socialengine.com,184.169.168.79,No,US
2015/05/23_14:32,christmas.com,104.20.13.99,No,US
2015/05/23_14:32,holahola.pl,85.14.94.107,No,PL
2015/05/23_14:32,surf-stick.net,83.169.38.138,No,DE
2015/05/23_14:32,clovismoliveira.wordpress.com,192.0.78.13,No,US
2015/05/23_14:32,kanchela.com,118.244.217.82,No,CN
2015/05/23_14:32,rotiform.com,66.147.240.196,No,US
2015/05/23_14:32,abercrombie.com.hk,165.160.13.20,No,US
2015/05/23_14:32,jbcsport.net,176.34.132.130,No,IE
2015/05/23_14:32,asoledolls.ru,195.208.1.153,No,RU
2015/05/23_14:32,modelshipworld.com,198.50.174.38,No,CA
2015/05/23_14:32,leapingpost.com,117.53.153.40,No,MY
2015/05/23_14:32,prothemes.biz,199.27.135.69,No,US
2015/05/23_14:32,thaitritonclub.com,61.19.247.201,No,TH
2015/05/23_14:32,gaddin.com,92.243.10.177,No,FR
2015/05/23_14:32,danielcurran.com,50.21.184.68,No,US
2015/05/23_14:32,avisa-st.no,193.161.16.51,No,NO
2015/05/23_14:32,tp-link.fr,91.250.77.30,No,DE
2015/05/23_14:32,cra.gc.ca,198.103.206.14,No,CA
2015/05/23_14:32,rocketfuel.com,72.52.136.14,No,US
2015/05/23_14:32,kpntravels.in,74.208.222.85,No,US
2015/05/23_14:32,truenutrition.com,67.212.165.221,No,US
2015/05/23_14:32,okumafishing.com,72.10.33.40,No,US
2015/05/23_14:32,panchiraboin.com,202.144.230.171,No,JP
2015/05/23_14:32,foreverautohits.com,23.92.60.77,No,US
2015/05/23_14:32,llronline.com,167.7.126.225,No,US
2015/05/23_14:32,www88888q.com,141.8.224.239,No,CH
2015/05/23_14:32,fingerbuying.com,64.14.68.87,No,US
2015/05/23_14:32,kartingrfeda.com,217.160.125.57,No,DE
2015/05/23_14:32,androidappsbuzz.com,94.23.248.80,No,FR
2015/05/23_14:32,gardoonak.ir,5.9.97.92,No,DE
2015/05/23_14:32,siuecougars.com,67.228.165.35,No,US
2015/05/23_14:32,nukeblogger.com,5.254.106.69,No,RO
2015/05/23_14:32,asi.ru,46.61.208.11,No,RU
2015/05/23_14:32,fbainspection.com,192.185.21.178,No,US
2015/05/23_14:32,usajobs.gov,104.70.244.201,No,NL
2015/05/23_14:32,phalcontip.com,128.199.172.164,No,SG
2015/05/23_14:32,jjmmw.com,119.147.166.194,No,CN
2015/05/23_14:32,cascadeclimbers.com,67.205.21.74,No,US
2015/05/23_14:32,ohwy.com,54.228.218.117,No,IE
2015/05/23_14:32,oliolihawaii.com,54.64.245.34,No,JP
2015/05/23_14:32,actalians.fr,84.207.23.33,No,
2015/05/23_14:32,tablesleague.com,91.109.242.22,No,GB
2015/05/23_14:32,sewingmachinesales.co.uk,94.76.237.26,No,GB
2015/05/23_14:32,attivissimo.blogspot.com,74.125.136.132,No,US
2015/05/23_14:32,d-d-vapor.myshopify.com,23.227.38.71,No,CA
2015/05/23_14:32,scientology-cult.com,69.195.124.81,No,US
2015/05/23_14:32,tehransabanet.ir,88.198.206.49,No,DE
2015/05/23_14:32,spice-up-your-life.net,216.239.38.21,No,US
2015/05/23_14:32,prolingvo.info,77.222.42.74,No,RU
2015/05/23_14:32,farmline.fr,92.222.255.25,No,FR
2015/05/23_14:32,hocuto.rs,85.17.183.154,No,NL
2015/05/23_14:32,isvecgundemi.com,77.92.144.3,No,TR
2015/05/23_14:32,klimaprofis.com,81.169.230.195,No,DE
2015/05/23_14:32,saturn.net,109.239.139.18,No,RU
2015/05/23_14:32,xn--cckydsa4ig0441duct3r3anj4c.com,133.242.18.224,No,JP
2015/05/23_14:32,topcamsites.com,193.53.4.21,No,BE
2015/05/23_14:32,pqi.or.kr,210.204.173.72,No,KR
2015/05/23_14:32,yourkfc.co.uk,68.177.189.154,No,US
2015/05/23_14:32,associaciosantjordi.org,188.93.77.19,No,ES
2015/05/23_14:32,idlebing.com,192.185.33.193,No,US
2015/05/23_14:32,alles.hr,176.9.5.243,No,DE
2015/05/23_14:32,timeoutvietnam.com,42.112.31.219,No,VN
2015/05/23_14:32,madagascar-hotels-online.com,91.121.157.108,No,FR
2015/05/23_14:32,setelhabayeb.tv,144.76.248.34,No,DE
2015/05/23_14:32,mes-revenus-domicile.com,185.53.177.6,No,DE
2015/05/23_14:32,home-coaching.be,109.73.229.164,No,US
2015/05/23_14:32,celebsfilms.com,88.214.233.163,No,GB
2015/05/23_14:32,wahawang.com,121.199.30.206,No,CN
2015/05/23_14:32,vbdar.com,208.43.103.89,No,US
2015/05/23_14:32,gruhinii.com,66.96.147.105,No,US
2015/05/23_14:32,giantfood.com,12.171.0.221,No,US
2015/05/23_14:32,lastfm.fr,195.24.232.203,No,GB
2015/05/23_14:32,itsupportdesk.in,107.155.87.85,No,US
2015/05/23_14:32,propertiesonline.com,209.235.197.163,No,US
2015/05/23_14:32,mickael-challet.com,199.59.160.184,No,US
2015/05/23_14:32,isuzudmax.in,103.231.100.168,No,IN
2015/05/23_14:32,adche.ir,185.13.228.124,No,IR
2015/05/23_14:32,eattendance.net,184.168.142.148,No,US
2015/05/23_14:32,buono-gratis.com,82.94.210.173,No,NL
2015/05/23_14:32,shockpoint.com,162.209.114.82,No,US
2015/05/23_14:32,bizandbit.com,23.229.156.71,No,US
2015/05/23_14:32,marathonbatteries.com,106.10.153.167,No,SG
2015/05/23_14:32,hospedagemdesite.me,192.185.210.120,No,US
2015/05/23_14:32,kshowindo.net,216.239.38.21,No,US
2015/05/23_14:32,dailyoftheday.com,70.32.68.137,No,US
2015/05/23_14:32,getg5.com,162.144.58.183,No,US
2015/05/23_14:32,panasonic.com.sa,212.71.42.11,No,SA
2015/05/23_14:32,guifi.net,109.69.8.5,No,ES
2015/05/23_14:32,syndicatebikes.com,212.94.79.66,No,FI
2015/05/23_14:32,accuphase.co.jp,210.143.102.40,No,JP
2015/05/23_14:32,livesudoku.com,173.199.189.216,No,US
2015/05/23_14:32,nccedu.com,77.75.185.130,No,GB
2015/05/23_14:32,imagenomic.com,65.182.111.186,No,US
2015/05/23_14:32,brendayoga.tumblr.com,66.6.41.21,No,US
2015/05/23_14:32,cgimmo.lu,5.39.71.185,No,FR
2015/05/23_14:32,frautulpe.de,37.200.102.246,No,DE
2015/05/23_14:32,webcssgallery.com,96.0.166.2,No,US
2015/05/23_14:32,tjc.org.tw,59.120.84.217,No,TW
2015/05/23_14:32,ministrysafe.com,66.216.77.14,No,US
2015/05/23_14:32,pushpi.com,198.252.64.168,No,US
2015/05/23_14:32,amicidellavela.it,185.56.218.2,No,IT
2015/05/23_14:32,sterlegrad.ru,89.108.106.96,No,RU
2015/05/23_14:32,du114.com,61.164.118.165,No,CN
2015/05/23_14:32,kvarremontnik.ru,193.106.248.83,No,UA
2015/05/23_14:32,cleverfiles.com,205.186.183.63,No,US
2015/05/23_14:32,286.xyz,184.73.247.179,No,US
2015/05/23_14:32,paolobotticelli.com,109.199.241.2,No,BG
2015/05/23_14:32,hudsonstarobserver.com,12.28.104.74,No,US
2015/05/23_14:32,igrasmeshariki.ru,151.248.112.17,No,RU
2015/05/23_14:32,umeya-shop.com,23.246.211.233,No,US
2015/05/23_14:32,ligabbvagame.com,217.111.132.210,No,DE
2015/05/23_14:32,torrentsmirror.com,185.87.146.3,No,PL
2015/05/23_14:32,amalh.net,174.142.61.171,No,CA
2015/05/23_14:32,k2snowboarding.com,54.83.196.35,No,US
2015/05/23_14:32,torrentsfiles.ru,195.216.243.218,No,RU
2015/05/23_14:32,ourebook.org,104.28.3.120,No,US
2015/05/23_14:32,gps.az,192.185.20.97,No,US
2015/05/23_14:32,kontur-extern.ru,46.17.203.38,No,RU
2015/05/23_14:32,my21daysugardetoxreview.com,173.236.174.234,No,US
2015/05/23_14:32,toughmudder.com,108.162.204.183,No,US
2015/05/23_14:32,thecorner.jp,54.248.75.98,No,JP
2015/05/23_14:32,avantajadas.com.br,75.126.73.47,No,US
2015/05/23_14:32,home-water-works.org,184.154.21.234,No,US
2015/05/23_14:33,tjcy007.com,223.4.171.223,No,CN
2015/05/23_14:33,miryam.ir,148.251.16.41,No,DE
2015/05/23_14:33,blackviper.com,192.232.230.194,No,US
2015/05/23_14:33,yst.ru,188.225.16.76,No,RU
2015/05/23_14:33,icarros.com.br,187.61.6.10,No,BR
2015/05/23_14:33,wegreened.com,209.59.143.66,No,US
2015/05/23_14:33,nature-obsession.fr,213.165.72.183,No,DE
2015/05/23_14:33,speed-kaitori.jp,219.94.209.17,No,JP
2015/05/23_14:33,library.kherson.ua,213.227.252.29,No,UA
2015/05/23_14:33,shara-games.ru,193.105.240.241,No,LV
2015/05/23_14:33,californiapetpharmacy.com,98.136.241.156,No,US
2015/05/23_14:33,humphreyfellowship.org,104.130.102.39,No,US
2015/05/23_14:33,viberr.ir,5.9.113.59,No,DE
2015/05/23_14:33,milkingtable.com,66.152.88.225,No,CA
2015/05/23_14:33,ontheroofs.com,92.53.123.96,No,RU
2015/05/23_14:33,birlikgazetesi.info,78.47.60.137,No,DE
2015/05/23_14:33,cem.ac.uk,195.194.56.8,No,GB
2015/05/23_14:33,dinkymovies.com,148.251.143.21,No,DE
2015/05/23_14:33,harapartners.com,107.170.174.165,No,US
2015/05/23_14:33,jammerfromchina.com,162.159.252.109,No,US
2015/05/23_14:33,dish.mx,201.139.1.108,No,MX
2015/05/23_14:33,baq.ir,188.75.99.13,No,IR
2015/05/23_14:33,greners.com,216.239.32.21,No,US
2015/05/23_14:33,learnforexlive.com,192.254.232.165,No,US
2015/05/23_14:33,v2hosters.com,199.167.151.201,No,US
2015/05/23_14:33,bobbysburgerpalace.com,173.203.144.104,No,US
2015/05/23_14:33,enflyer.com,72.35.66.135,No,US
2015/05/23_14:33,3yx.com,182.92.222.39,No,CN
2015/05/23_14:33,frberg-hf.dk,94.231.107.225,No,DK
2015/05/23_14:33,topbest.kr,221.139.50.220,No,KR
2015/05/23_14:33,xizhengw.com,219.239.95.199,No,CN
2015/05/23_14:33,kiss-me-kiss-me.com,104.28.21.60,No,US
2015/05/23_14:33,mypaperpumpkin.com,67.128.132.61,No,US
2015/05/23_14:33,clubjapo.com,54.77.183.48,No,IE
2015/05/23_14:33,courseload.com,54.224.57.221,No,US
2015/05/23_14:33,jisin.jp,202.237.149.248,No,JP
2015/05/23_14:33,poulaillerdesign.com,91.121.34.189,No,FR
2015/05/23_14:33,glamrap.pl,91.227.122.206,No,PL
2015/05/23_14:33,jimmychurchradio.com,185.56.86.41,No,BG
2015/05/23_14:33,marketong.kr,14.63.170.13,No,KR
2015/05/23_14:33,2wid.net,5.9.83.76,No,DE
2015/05/23_14:33,pastaleads.com,198.185.159.136,No,US
2015/05/23_14:33,s-kupe.by,93.125.99.33,No,BY
2015/05/23_14:33,hinter-den-schlagzeilen.info,87.106.64.107,No,DE
2015/05/23_14:33,turnitinuk.net,223.26.50.65,No,HK
2015/05/23_14:33,magnify.net,208.70.246.59,No,CA
2015/05/23_14:33,gluedots.com,204.152.118.133,No,US
2015/05/23_14:33,videosxxxvideos.com,188.166.10.192,No,NL
2015/05/23_14:33,econetwireless.com,74.112.194.19,No,US
2015/05/23_14:33,startservicess.com,50.63.214.1,No,US
2015/05/23_14:33,ghzali.com,144.76.45.67,No,DE
2015/05/23_14:33,epf.lk,96.125.188.5,No,CA
2015/05/23_14:33,winitcanada.weebly.com,199.34.228.54,No,US
2015/05/23_14:33,trafi.fi,193.64.220.180,No,FI
2015/05/23_14:33,mojmikro.si,195.95.158.42,No,SI
2015/05/23_14:33,vntu.edu.ua,194.146.141.4,No,UA
2015/05/23_14:33,katalogbai.pl,5.9.177.226,No,DE
2015/05/23_14:33,fotostrips.nl,81.169.145.84,No,DE
2015/05/23_14:33,eastday.com,222.73.244.10,No,CN
2015/05/23_14:33,todohistorietas.com.ar,69.73.181.191,No,US
2015/05/23_14:33,fragmantvizle.com,77.245.149.2,No,TR
2015/05/23_14:33,asia.ru,195.161.119.100,No,RU
2015/05/23_14:33,starrox.in,74.63.209.166,No,US
2015/05/23_14:33,globbsecurity.com,104.45.14.249,No,NL
2015/05/23_14:33,psdfly.com,185.27.132.42,No,GB
2015/05/23_14:33,soberrecovery.com,98.158.195.95,No,US
2015/05/23_14:33,okanokouen.com,157.7.144.5,No,JP
2015/05/23_14:33,elreyleon.es,194.30.98.101,No,ES
2015/05/23_14:33,netsama.com,108.167.183.96,No,US
2015/05/23_14:33,bongdafun.info,198.143.130.20,No,US
2015/05/23_14:33,golf7freunde.de,85.13.142.163,No,DE
2015/05/23_14:33,myanhao.com,121.41.89.88,No,CN
2015/05/23_14:33,qigroup.com,106.187.98.84,No,JP
2015/05/23_14:33,asanproject.ir,144.76.78.189,No,DE
2015/05/23_14:33,1988.tv,116.255.133.167,No,CN
2015/05/23_14:33,59178.com,114.215.172.139,No,CN
2015/05/23_14:33,foliovision.com,184.75.209.234,No,CA
2015/05/23_14:33,knozclean.com,192.185.197.110,No,US
2015/05/23_14:33,trideco-shop.com,217.24.88.14,No,FR
2015/05/23_14:33,hiddencamsvideo.com,213.174.130.161,No,US
2015/05/23_14:33,orix.com,70.32.80.115,No,US
2015/05/23_14:33,brickrepublic.com,192.200.182.13,No,US
2015/05/23_14:33,saix.net,196.25.1.204,No,ZA
2015/05/23_14:33,syougo.jp,121.83.254.67,No,JP
2015/05/23_14:33,hkd50.com,218.213.226.204,No,HK
2015/05/23_14:33,importers.com,204.187.13.40,No,CA
2015/05/23_14:33,hppodcraft.com,67.23.247.165,No,US
2015/05/23_14:33,superdelivery.com,202.143.67.87,No,JP
2015/05/23_14:33,sendp.com,198.211.113.51,No,US
2015/05/23_14:33,islamicreliefcanada.org,199.47.242.213,No,CA
2015/05/23_14:33,mazda.fi,188.117.16.107,No,FI
2015/05/23_14:33,whojesusis.com,54.165.215.207,No,US
2015/05/23_14:33,fixeads.com,80.172.243.48,No,PT
2015/05/23_14:33,pssfclass4govtemployeeunionpb.com,208.91.199.87,No,US
2015/05/23_14:33,mojkorner.com,176.9.7.75,No,DE
2015/05/23_14:33,dvdverdict.com,216.139.221.90,No,US
2015/05/23_14:33,mygitar.com,77.79.86.102,No,TR
2015/05/23_14:33,esm3.com,104.27.191.122,No,US
2015/05/23_14:33,herbahaz.hu,195.56.7.42,No,HU
2015/05/23_14:33,aaa4mob.com,192.254.236.137,No,US
2015/05/23_14:33,amor1033.mx,173.203.31.202,No,US
2015/05/23_14:33,bulgarianembassy-london.org,88.208.252.175,No,GB
2015/05/23_14:33,alumn-e.com,212.227.98.249,No,DE
2015/05/23_14:33,auntbeesrecipes.com,192.163.248.247,No,US
2015/05/23_14:33,csslint.net,192.30.252.154,No,US
2015/05/23_14:33,wwf.fr,31.210.244.110,No,GB
2015/05/23_14:33,go-jamaica.com,66.132.217.137,No,US
2015/05/23_14:33,aflmsex.com,107.180.2.12,No,US
2015/05/23_14:33,kldp.org,211.237.1.231,No,KR
2015/05/23_14:33,readitforward.com,170.171.208.65,No,US
2015/05/23_14:34,ihb.io,198.58.117.172,No,US
2015/05/23_14:34,techadvisory.org,104.28.0.101,No,US
2015/05/23_14:34,mondial-assistance.pl,195.68.79.27,No,GB
2015/05/23_14:34,universoabierto.com,91.121.90.222,No,FR
2015/05/23_14:34,dvb.no,91.209.88.200,No,NO
2015/05/23_14:34,gpg.gov.za,196.15.141.100,No,ZA
2015/05/23_14:34,careercornerstone.org,66.147.240.171,No,US
2015/05/23_14:34,1145.jp,203.183.216.150,No,JP
2015/05/23_14:34,dececco.it,212.239.14.180,No,IT
2015/05/23_14:34,espressoworks.com.au,27.124.120.11,No,AU
2015/05/23_14:34,epiplagand.gr,46.165.204.212,No,DE
2015/05/23_14:34,prowrestlingtees.com,209.242.30.223,No,US
2015/05/23_14:34,jobsterne.de,89.19.255.20,No,DE
2015/05/23_14:34,trackback.it,151.1.201.151,No,IT
2015/05/23_14:34,virginblak.com,50.28.84.152,No,US
2015/05/23_14:34,theresaskueche.de,87.106.5.97,No,DE
2015/05/23_14:34,py7.ru,128.199.37.217,No,NL
2015/05/23_14:34,infofresh.pl,79.96.231.24,No,PL
2015/05/23_14:34,ttsnapshot.biz,104.31.252.3,No,US
2015/05/23_14:34,dowkakoh.co.jp,219.94.203.148,No,JP
2015/05/23_14:34,bhxflightguide.blogspot.co.uk,74.125.136.132,No,US
2015/05/23_14:34,ncc-indonesia.com,49.50.9.216,No,ID
2015/05/23_14:34,embuk.pl,37.187.156.200,No,FR
2015/05/23_14:34,atthesinema.co.uk,5.45.68.195,No,NL
2015/05/23_14:34,fwisd.org,75.141.184.68,No,US
2015/05/23_14:34,tiresall.com,66.33.30.69,No,US
2015/05/23_14:34,2getflv.com,222.122.86.213,No,KR
2015/05/23_14:34,hollanderparts.com,63.115.41.168,No,US
2015/05/23_14:34,chinaidr.com,121.199.30.216,No,CN
2015/05/23_14:34,telem1.ch,54.75.252.10,No,IE
2015/05/23_14:34,fazdl.ir,92.222.200.162,No,FR
2015/05/23_14:34,gazetams.com.br,174.142.104.69,No,CA
2015/05/23_14:34,firmlist.com,69.163.162.2,No,US
2015/05/23_14:34,ed2000.com,119.28.48.216,No,CN
2015/05/23_14:34,efeilab.it,198.58.87.2,No,US
2015/05/23_14:34,wpnovin.ir,46.165.251.205,No,DE
2015/05/23_14:34,tackleisland-laketown.net,210.157.19.51,No,JP
2015/05/23_14:34,beargoggleson.com,104.28.28.68,No,US
2015/05/23_14:34,higheredjobs.com,216.169.176.215,No,US
2015/05/23_14:34,dubaicalendar.ae,217.168.20.26,No,GB
2015/05/23_14:34,mcxcontrol.com,70.38.86.16,No,CA
2015/05/23_14:34,cheerios.com,153.13.148.189,No,US
2015/05/23_14:34,rekeers.net,209.160.73.84,No,US
2015/05/23_14:34,storent.org,217.29.117.217,No,UZ
2015/05/23_14:34,transparentcalifornia.com,166.78.181.249,No,US
2015/05/23_14:34,mundodeportivocr.com,74.50.13.99,No,US
2015/05/23_14:34,orenlib.ru,81.177.6.212,No,RU
2015/05/23_14:34,webnode.com.uy,82.208.18.59,No,CZ
2015/05/23_14:34,whatfatemahsays.com,107.180.1.37,No,US
2015/05/23_14:34,centerforinquiry.net,67.227.142.38,No,US
2015/05/23_14:34,demoslavueltaaldia.com,82.144.105.157,No,ES
2015/05/23_14:34,ymcagta.org,206.152.5.211,No,US
2015/05/23_14:34,folieshoppen.dk,94.231.106.9,No,DK
2015/05/23_14:34,cannonsuk.com,79.170.44.118,No,GB
2015/05/23_14:34,gogoebooks.com,173.208.229.54,No,US
2015/05/23_14:34,javakup.com,66.96.147.208,No,US
2015/05/23_14:34,datasheet-pdf.com,115.68.110.141,No,KR
2015/05/23_14:34,travel2.com,80.244.180.11,No,GB
2015/05/23_14:34,kissablecomplexions.com,69.195.124.210,No,US
2015/05/23_14:34,gildwars.net,89.161.168.203,No,PL
2015/05/23_14:34,way2hacking.com,23.229.192.102,No,US
2015/05/23_14:34,jimbutcheronline.com,206.71.179.93,No,US
2015/05/23_14:34,smac-mca.com,199.48.129.146,No,US
2015/05/23_14:34,calvista.com.au,184.175.80.230,No,US
2015/05/23_14:34,brtn.cn,58.68.229.8,No,CN
2015/05/23_14:34,mixia.ca,66.33.209.223,No,US
2015/05/23_14:34,ipjugaad.com,192.186.242.196,No,US
2015/05/23_14:34,guem-kaercher-shop.at,93.187.237.143,No,DE
2015/05/23_14:34,bobshouseofporn.com,104.28.8.19,No,US
2015/05/23_14:34,babywhisper.co.kr,112.175.247.165,No,KR
2015/05/23_14:34,jobon.tmall.com,140.205.164.98,No,CN
2015/05/23_14:34,letsgovikes.com,162.211.85.214,No,US
2015/05/23_14:34,stableit.ru,216.239.36.21,No,US
2015/05/23_14:34,verycompressedgames.com,184.168.221.28,No,US
2015/05/23_14:34,clinicavazmed.com.br,162.243.210.196,No,US
2015/05/23_14:34,torrentproject.se,179.43.158.210,No,CH
2015/05/23_14:34,securesites.com,198.104.50.129,No,US
2015/05/23_14:34,bookmylens.com,104.28.2.113,No,US
2015/05/23_14:34,doregi.com,58.76.184.6,No,KR
2015/05/23_14:34,2513.info,184.73.247.179,No,US
2015/05/23_14:34,taiwangun.com,46.105.52.174,No,FR
2015/05/23_14:34,faurax.fr,217.70.184.38,No,FR
2015/05/23_14:34,southtravels.com,64.235.53.103,No,US
2015/05/23_14:34,edutainme.ru,144.76.35.178,No,DE
2015/05/23_14:34,aspa.cz,88.86.109.241,No,CZ
2015/05/23_14:34,visitcalifornia.com,50.112.125.251,No,US
2015/05/23_14:34,georgiacarpet.com,174.37.75.183,No,US
2015/05/23_14:34,rslrs22-server.com,66.49.215.54,No,CA
2015/05/23_14:34,asxetos.gr,136.243.3.102,No,DE
2015/05/23_14:35,satoshi-beach.net,205.144.171.71,No,US
2015/05/23_14:35,captiongenerator.com,54.221.213.186,No,US
2015/05/23_14:35,mitiendahipica.com,185.18.198.150,No,ES
2015/05/23_14:35,komaks.com,95.169.212.141,No,BG
2015/05/23_14:35,tutor2u.net,192.240.164.35,No,US
2015/05/23_14:35,farm.or.jp,153.122.27.176,No,JP
2015/05/23_14:35,rollmob.com,69.16.194.253,No,US
2015/05/23_14:35,energiesparaktion.de,213.188.99.90,No,DE
2015/05/23_14:35,jcbna.com,91.208.170.239,No,GB
2015/05/23_14:35,silverts.com,66.212.171.107,No,CA
2015/05/23_14:35,lovelylanguage.ru,212.193.249.3,No,RU
2015/05/23_14:35,luxmannlighting.com,103.6.245.189,No,MY
2015/05/23_14:35,mountainprophet.de,217.160.214.192,No,DE
2015/05/23_14:35,btls.com,64.59.84.226,No,US
2015/05/23_14:35,custom-essays.org,50.62.113.1,No,US
2015/05/23_14:35,seputarolahraga.com,104.24.98.183,No,US
2015/05/23_14:35,thedutchnyc.com,216.92.125.201,No,US
2015/05/23_14:35,bergerbullets.com,216.218.212.155,No,US
2015/05/23_14:35,varcent.ru,5.9.143.21,No,DE
2015/05/23_14:35,churchmutual.com,198.232.133.28,No,US
2015/05/23_14:35,webdesign4for299.com,198.41.140.74,No,US
2015/05/23_14:35,forbesthailand.com,61.19.251.44,No,TH
2015/05/23_14:35,indianapolismonthly.com,108.162.204.69,No,US
2015/05/23_14:35,quiz-solver.com,31.22.4.62,No,GB
2015/05/23_14:35,polytron.co.id,202.59.161.209,No,ID
2015/05/23_14:35,fh-bonn-rhein-sieg.de,178.63.129.147,No,DE
2015/05/23_14:35,chinahetao.com.cn,182.92.150.69,No,CN
2015/05/23_14:35,helena-arkansas.com,64.94.90.199,No,US
2015/05/23_14:35,modelosdeconvite.com.br,187.1.141.48,No,BR
2015/05/23_14:35,womenzmag.com,104.28.24.54,No,US
2015/05/23_14:35,hdmaza.pk,62.4.7.71,No,FR
2015/05/23_14:35,nigesb.com,198.199.97.135,No,US
2015/05/23_14:35,gpw.pl,193.111.39.156,No,PL
2015/05/23_14:35,y-olo.gr,185.46.7.66,No,GR
2015/05/23_14:35,banrural.com.hn,5.9.91.186,No,DE
2015/05/23_14:35,playermailer.net,46.165.220.81,No,DE
2015/05/23_14:35,contexttravel.com,69.20.47.252,No,US
2015/05/23_14:35,marutimga.com,111.221.91.14,No,SG
2015/05/23_14:35,airleben.de,87.106.117.6,No,DE
2015/05/23_14:35,yellow-pages.ph,175.41.139.59,No,SG
2015/05/23_14:35,anjalijewellers.in,202.54.73.134,No,IN
2015/05/23_14:35,hecltd.com,103.21.59.15,No,IN
2015/05/23_14:35,bolina.it,62.149.128.160,No,IT
2015/05/23_14:35,clzschoolplein.nl,212.79.227.169,No,NL
2015/05/23_14:35,webpiaoliang.com,121.197.10.230,No,CN
2015/05/23_14:35,strangertickets.com,209.104.5.180,No,US
2015/05/23_14:35,vsem.cz,82.208.28.101,No,CZ
2015/05/23_14:35,altus.com.tr,81.8.63.193,No,TR
2015/05/23_14:35,easywriter.gr,5.9.157.176,No,DE
2015/05/23_14:35,luca.com.tr,85.111.1.23,No,TR
2015/05/23_14:35,ash3ary.net,184.164.158.50,No,US
2015/05/23_14:35,patriciabordados.com.br,189.38.62.130,No,BR
2015/05/23_14:35,ehuanyun.com,218.244.157.204,No,CN
2015/05/23_14:35,mam9.com,87.98.250.104,No,GB
2015/05/23_14:35,viforpharma.com,194.209.6.50,No,CH
2015/05/23_14:35,dadajt.com,27.115.105.76,No,CN
2015/05/23_14:35,rackaid.com,54.221.227.202,No,US
2015/05/23_14:35,sunnykfir.com,173.254.28.42,No,US
2015/05/23_14:35,globalenergycertification.org,188.65.114.122,No,GB
2015/05/23_14:35,sportwette.net,85.14.245.58,No,DE
2015/05/23_14:35,osiander.de,212.71.201.22,No,DE
2015/05/23_14:35,jomansnetmarketing.com,50.87.146.66,No,US
2015/05/23_14:35,autonet.com.vn,42.112.20.38,No,VN
2015/05/23_14:35,hdwallpapersone.com,192.64.82.102,No,US
2015/05/23_14:35,kyocera.eu,62.40.16.5,No,DE
2015/05/23_14:35,organicnetwork.jp,219.94.128.13,No,JP
2015/05/23_14:35,colorscheme.ru,95.85.10.81,No,NL
2015/05/23_14:35,rt-sb.net,92.52.124.220,No,GB
2015/05/23_14:35,santarosa.edu,198.189.151.84,No,US
2015/05/23_14:35,insanepornvids.com,37.48.86.145,No,NL
2015/05/23_14:35,henshinwatch.blogspot.com,74.125.136.132,No,US
2015/05/23_14:35,primextech.com.br,205.234.139.184,No,US
2015/05/23_14:35,givedirectly.org,54.218.30.234,No,US
2015/05/23_14:35,normal.org,208.90.188.166,No,US
2015/05/23_14:35,keraladesham.com,199.96.156.242,No,US
2015/05/23_14:35,rabla.ro,80.86.119.154,No,RO
2015/05/23_14:35,losgamers.com,64.250.117.45,No,US
2015/05/23_14:35,ydsj.tmall.com,140.205.170.99,No,CN
2015/05/23_14:35,thetortoisetable.org.uk,91.208.99.13,No,GB
2015/05/23_14:35,mkt4701.com,74.121.50.43,No,US
2015/05/23_14:35,kaidouarukitabi.com,59.106.33.112,No,JP
2015/05/23_14:35,chasingtreasure.com,70.37.240.10,No,US
2015/05/23_14:35,phoenixisland.co.kr,58.103.158.7,No,KR
2015/05/23_14:35,leezasurfaces.com,67.22.134.165,No,CA
2015/05/23_14:35,bloggerlamongan.com,216.55.169.199,No,US
2015/05/23_14:35,findingjoy.net,67.222.157.186,No,US
2015/05/23_14:35,ned-service.com,37.202.7.109,No,DE
2015/05/23_14:35,gryzhi-net.ru,136.243.14.198,No,DE
2015/05/23_14:35,sphcs.org,204.87.211.80,No,US
2015/05/23_14:36,flybuys.co.nz,203.144.36.220,No,NZ
2015/05/23_14:36,propertyregistrations.in,203.124.113.1,No,SG
2015/05/23_14:36,unr-runn.fr,195.220.135.33,No,FR
2015/05/23_14:36,stroikanev.ru,141.8.192.165,No,RU
2015/05/23_14:36,bigcocker.com,85.158.254.111,No,NL
2015/05/23_14:36,buildgrowignite.com,216.70.86.86,No,US
2015/05/23_14:36,nicpars.ir,185.4.29.218,No,IR
2015/05/23_14:36,mcipollini.com,62.149.128.160,No,IT
2015/05/23_14:36,tobys.dk,104.28.15.16,No,US
2015/05/23_14:36,sestry-grim.ru,37.140.192.78,No,RU
2015/05/23_14:36,nijigencospa.com,112.78.199.90,No,JP
2015/05/23_14:36,motoscout24.ch,91.208.180.29,No,CH
2015/05/23_14:36,osianama.com,128.199.214.59,No,SG
2015/05/23_14:36,adesign101.com,223.27.39.120,No,TW
2015/05/23_14:36,cubiclebot.com,192.95.62.66,No,CA
2015/05/23_14:36,tjbhzy.com,218.68.1.86,No,CN
2015/05/23_14:36,syuriken.jp,112.140.42.60,No,JP
2015/05/23_14:36,husmeandoporlared.com,216.239.38.21,No,US
2015/05/23_14:36,radiodays.jp,211.133.244.61,No,JP
2015/05/23_14:36,glockforum.com,54.84.247.215,No,US
2015/05/23_14:36,capacamera.net,114.179.239.85,No,JP
2015/05/23_14:36,woolandprince.com,23.227.38.32,No,CA
2015/05/23_14:36,ciekawe.org,54.221.245.165,No,US
2015/05/23_14:36,referatdoki.ru,5.9.54.79,No,DE
2015/05/23_14:36,liturgies.net,74.208.24.51,No,US
2015/05/23_14:36,canalphotoshop.info,64.233.171.121,No,US
2015/05/23_14:36,amis.nl,82.94.165.78,No,NL
2015/05/23_14:36,youthplusindia.com,192.232.223.50,No,US
2015/05/23_14:36,papajohns.cl,23.23.164.195,No,US
2015/05/23_14:36,sixpoint.com,192.163.242.20,No,US
2015/05/23_14:36,16savsera.com.br,62.108.35.87,No,DE
2015/05/23_14:36,wexonline.com,208.64.196.3,No,US
2015/05/23_14:36,aluminium-guide.ru,141.8.195.47,No,RU
2015/05/23_14:36,kininaruart.com,49.212.180.97,No,JP
2015/05/23_14:36,modir.ir,79.175.176.169,No,IR
2015/05/23_14:36,napredaj.eu,46.229.230.32,No,SK
2015/05/23_14:36,st.gov.my,58.26.37.226,No,MY
2015/05/23_14:36,jorte.com,111.89.139.38,No,JP
2015/05/23_14:36,dollarhobbyz.com,192.240.186.2,No,US
2015/05/23_14:36,anieto2k.com,78.138.97.188,No,DE
2015/05/23_14:36,transports-lia.fr,217.70.184.38,No,FR
2015/05/23_14:36,photobelly.net,85.237.68.142,No,DE
2015/05/23_14:36,ailir.com,72.52.4.91,No,US
2015/05/23_14:36,blogforbettersewing.com,50.63.202.90,No,US
2015/05/23_14:36,bluehatworld.com,198.49.72.29,No,US
2015/05/23_14:36,smarterschooling.com,216.34.207.197,No,US
2015/05/23_14:36,siirlervesozler.com,94.73.147.5,No,TR
2015/05/23_14:36,thebeaverton.com,192.185.21.117,No,US
2015/05/23_14:36,myctu.cn,180.168.60.26,No,CN
2015/05/23_14:36,premiercarebathing.com,50.57.18.128,No,US
2015/05/23_14:36,hartford.gov,209.164.157.118,No,US
2015/05/23_14:36,ocps.net,168.184.213.180,No,US
2015/05/23_14:36,multisys.gr,185.46.120.154,No,US
2015/05/23_14:36,skypechats.net,65.254.248.91,No,US
2015/05/23_14:37,mishangxb.tmall.com,140.205.250.93,No,CN
2015/05/23_14:37,socialinnovation.org.hk,54.169.99.183,No,SG
2015/05/23_14:37,wordswag.co,216.70.88.135,No,US
2015/05/23_14:37,zruq.com,42.120.4.75,No,CN
2015/05/23_14:37,gamenet.it,195.110.124.188,No,IT
2015/05/23_14:37,libertydrum.com,75.126.198.185,No,US
2015/05/23_14:37,muumuse.com,67.205.20.52,No,US
2015/05/23_14:37,kumarproperty123.blogspot.in,74.125.136.132,No,US
2015/05/23_14:37,keszpenzlogisztika.hu,62.77.229.195,No,HU
2015/05/23_14:37,npidoctors.com,184.173.57.58,No,US
2015/05/23_14:37,saveexpress.de,141.0.22.66,No,DE
2015/05/23_14:37,saltcityoptics.com,54.225.84.207,No,US
2015/05/23_14:37,rewritetherules.org,198.49.23.145,No,US
2015/05/23_14:37,admi2888.com,219.94.203.188,No,JP
2015/05/23_14:37,studioverlichtingshop.nl,62.50.27.60,No,GB
2015/05/23_14:37,giantbicycle.com,62.50.29.26,No,GB
2015/05/23_14:37,kateich.net,49.212.180.191,No,JP
2015/05/23_14:37,hostnurse.com,206.72.196.172,No,US
2015/05/23_14:37,dokipedia.ru,23.102.49.119,No,US
2015/05/23_14:37,sleepingdogs.net,184.107.107.176,No,CA
2015/05/23_14:37,anglicanink.com,108.58.230.245,No,US
2015/05/23_14:37,mowajha.com,173.254.28.113,No,US
2015/05/23_14:37,100-vegetal.com,216.239.36.21,No,US
2015/05/23_14:37,melbournepolytechnic.edu.au,119.161.41.43,No,AU
2015/05/23_14:37,opera-novosibirsk.ru,37.193.114.88,No,RU
2015/05/23_14:37,wordpress.org,66.155.40.250,No,US
2015/05/23_14:37,assistancekaren.se,213.88.219.45,No,SE
2015/05/23_14:37,skunk2.com,65.19.154.219,No,US
2015/05/23_14:37,zombienewsapp.com,54.230.129.50,No,US
2015/05/23_14:37,writtenbritain.com,104.27.190.199,No,US
2015/05/23_14:37,belimitless.co,54.197.243.116,No,US
2015/05/23_14:37,themegarden.com,23.229.173.226,No,US
2015/05/23_14:37,nengou-wine.com,133.242.12.141,No,JP
2015/05/23_14:37,vertical-srl.it,46.252.153.26,No,IT
2015/05/23_14:37,prozhe.com,79.127.126.66,No,IR
2015/05/23_14:37,booobrain.com,212.153.70.65,No,NL
2015/05/23_14:37,toureiffel.paris,86.65.197.212,No,FR
2015/05/23_14:37,ca-news.org,212.42.117.66,No,KG
2015/05/23_14:37,redooc.com,5.249.143.90,No,IT
2015/05/23_14:37,granlibakken.com,69.39.230.129,No,US
2015/05/23_14:37,wellnessly.com,23.98.64.63,No,US
2015/05/23_14:37,myinitials-inc.com,184.106.73.57,No,US
2015/05/23_14:37,yourdesignerwear.com,142.4.16.156,No,US
2015/05/23_14:37,electro-body-music.com,98.139.135.198,No,US
2015/05/23_14:37,stefanmaescher.com,192.254.225.166,No,US
2015/05/23_14:37,svetluska.cz,80.79.31.191,No,CZ
2015/05/23_14:37,jendrosch-hypnose.de,46.4.92.208,No,DE
2015/05/23_14:37,lulworth.com,82.153.12.165,No,GB
2015/05/23_14:37,gites-de-france-aveyron.com,217.70.184.38,No,FR
2015/05/23_14:37,joes-messershop.de,85.13.187.88,No,DE
2015/05/23_14:37,autabruder.cz,46.28.109.40,No,CZ
2015/05/23_14:37,2776.info,184.73.247.179,No,US
2015/05/23_14:37,uniminuto.edu,186.28.232.10,No,CO
2015/05/23_14:37,lojainiat.net,138.128.173.114,No,US
2015/05/23_14:37,ad2gain.com,92.51.147.143,No,DE
2015/05/23_14:37,responseaction.com,162.249.108.226,No,US
2015/05/23_14:37,fisherinvestments.dk,207.214.127.91,No,US
2015/05/23_14:37,franciskay.com,203.238.182.158,No,KR
2015/05/23_14:37,blitzer.de,46.252.31.191,No,DE
2015/05/23_14:37,balancinghome.com,192.163.204.38,No,US
2015/05/23_14:37,hide-me.us,78.130.254.2,No,BG
2015/05/23_14:37,loyalmart.com,118.139.171.1,No,SG
2015/05/23_14:37,bildungsurlaub.de,162.159.245.67,No,US
2015/05/23_14:37,paintthemoon.org,208.100.62.82,No,US
2015/05/23_14:37,4gophers.com,146.185.158.7,No,NL
2015/05/23_14:37,fdbhealth.com,23.23.207.39,No,US
2015/05/23_14:37,fiestaklubpolska.pl,46.229.151.194,No,PL
2015/05/23_14:37,obsceneporno.com,213.174.129.104,No,US
2015/05/23_14:37,roozeto.com,37.187.56.35,No,FR
2015/05/23_14:37,stablebit.com,168.62.48.183,No,US
2015/05/23_14:37,barnebys.com,54.154.42.215,No,IE
2015/05/23_14:37,ersag.com.tr,31.7.32.74,No,TR
2015/05/23_14:37,iosysos.com,59.106.19.50,No,JP
2015/05/23_14:37,trinity-7.com,210.136.114.107,No,JP
2015/05/23_14:37,technosurf.ch,94.126.16.46,No,CH
2015/05/23_14:37,geo-ndt.ru,213.189.197.1,No,RU
2015/05/23_14:37,magiclesson.biz,202.131.199.41,No,JP
2015/05/23_14:37,sejungmall.com,180.182.62.79,No,KR
2015/05/23_14:37,orumnarin.com,79.175.170.125,No,IR
2015/05/23_14:37,google.is,74.125.136.94,No,US
2015/05/23_14:37,kamdi24.de,85.13.149.164,No,DE
2015/05/23_14:37,ec-net.jp,111.68.242.108,No,JP
2015/05/23_14:37,quoom.com,95.211.75.164,No,NL
2015/05/23_14:37,slipperybrick.com,207.58.178.135,No,US
2015/05/23_14:37,donanimhaber.com,77.92.131.136,No,TR
2015/05/23_14:37,persianlanguage.ir,37.235.1.79,No,AT
2015/05/23_14:37,i11egalyoung.eu,50.7.247.250,No,CZ
2015/05/23_14:37,secretariatassistant.com,69.89.31.157,No,US
2015/05/23_14:37,networkedinsights.com,23.253.148.169,No,US
2015/05/23_14:37,springfreetrampoline.com.au,70.33.239.143,No,US
2015/05/23_14:37,pncconsumerservices.com,170.201.60.145,No,US
2015/05/23_14:37,literacyplanet.com,54.231.252.208,No,AU
2015/05/23_14:37,lilbrown.com,63.233.194.131,No,US
2015/05/23_14:37,zifzi.com,208.91.198.170,No,US
2015/05/23_14:37,ellis-brigham.com,62.44.70.213,No,GB
2015/05/23_14:37,baza-r.ru,91.201.53.40,No,RU
2015/05/23_14:37,shaenon.com,208.113.206.166,No,US
2015/05/23_14:37,budgettruck.com,160.109.101.65,No,US
2015/05/23_14:37,ribony.com,188.132.250.186,No,TR
2015/05/23_14:37,wintonhomes.ca,209.191.186.79,No,US
2015/05/23_14:37,theinquisitivemom.com,198.46.82.210,No,US
2015/05/23_14:37,pocket-se.info,210.150.110.208,No,JP
2015/05/23_14:37,morningreporters.com,104.28.18.161,No,US
2015/05/23_14:37,gun-tests.com,173.227.222.224,No,US
2015/05/23_14:37,blueskytraveler.com,104.27.144.223,No,US
2015/05/23_14:37,20001104.com,103.240.183.198,No,HK
2015/05/23_14:37,diamondsb.com,104.20.19.110,No,US
2015/05/23_14:37,theuspresidents.org,208.113.152.5,No,US
2015/05/23_14:37,pcshop-pax.com,157.7.183.103,No,JP
2015/05/23_14:37,eshop-zemedelske-potreby.cz,194.212.79.49,No,CZ
2015/05/23_14:37,vadata.org,216.177.52.229,No,US
2015/05/23_14:37,europcar.com.au,81.252.137.190,No,FR
2015/05/23_14:37,wwoof.org,69.89.31.194,No,US
2015/05/23_14:37,stpass.com,121.10.216.150,No,CN
2015/05/23_14:37,stlmugshots.com,199.188.74.205,No,US
2015/05/23_14:37,gmw.cn,111.202.12.1,No,CN
2015/05/23_14:37,travelnow.com,216.251.126.253,No,US
2015/05/23_14:37,dwolla.com,198.41.190.225,No,US
2015/05/23_14:37,themagicfiber.com,108.179.249.151,No,US
2015/05/23_14:37,mandrill.com,50.97.232.66,No,US
2015/05/23_14:37,domainregistration.com.au,119.81.196.194,No,SG
2015/05/23_14:37,lookedon.com,104.28.17.62,No,US
2015/05/23_14:37,zztube.pl,217.160.231.76,No,DE
2015/05/23_14:37,loewe.tv,62.146.90.63,No,DE
2015/05/23_14:37,actionads.ru,62.210.245.77,No,FR
2015/05/23_14:37,ferhatyesilmen.com,185.85.190.34,No,TR
2015/05/23_14:37,eroticdb.com,37.252.121.61,No,NL
2015/05/23_14:37,modularstairs.com,66.96.131.69,No,US
2015/05/23_14:37,blee.in,72.9.151.78,No,US
2015/05/23_14:37,96096kp.com,61.186.245.210,No,CN
2015/05/23_14:37,mullbrand.com,87.106.150.43,No,DE
2015/05/23_14:37,meigennooukoku.net,54.201.66.186,No,US
2015/05/23_14:37,forestcoachlines.com.au,203.0.178.91,No,AU
2015/05/23_14:37,e-kurumalife.com,210.188.208.186,No,JP
2015/05/23_14:38,vvvdj.com,119.28.48.214,No,CN
2015/05/23_14:38,nastrends.com,109.73.229.163,No,US
2015/05/23_14:38,shopmania.pt,83.246.1.85,No,RO
2015/05/23_14:38,lapisraro.com.br,187.45.242.27,No,BR
2015/05/23_14:38,turnwebcamon.com,54.235.219.100,No,US
2015/05/23_14:38,euroschool.lu,158.64.55.65,No,LU
2015/05/23_14:38,elsynet.it,213.188.192.171,No,IT
2015/05/23_14:38,chateen.com,37.152.88.37,No,ES
2015/05/23_14:38,leubner.org,92.51.150.3,No,DE
2015/05/23_14:38,kadinlarhakkinda.com,5.2.84.182,No,TR
2015/05/23_14:38,doctor-notebookov.ru,91.230.54.17,No,RU
2015/05/23_14:38,godrakebulldogs.com,216.58.245.102,No,US
2015/05/23_14:38,e-solat.gov.my,202.75.5.204,No,MY
2015/05/23_14:38,islamagica.es,82.223.153.134,No,ES
2015/05/23_14:38,eju.com,60.28.244.254,No,CN
2015/05/23_14:38,bambooshop.com.br,54.236.208.119,No,US
2015/05/23_14:38,amazonbusiness.in,87.238.81.156,No,IE
2015/05/23_14:38,ginos.se,46.21.98.10,No,SE
2015/05/23_14:38,dewapoker3.com,192.169.233.229,No,US
2015/05/23_14:38,khotkovo.ru,89.222.228.3,No,RU
2015/05/23_14:38,deansaliba.com,69.195.88.183,No,US
2015/05/23_14:38,voked.com,46.101.147.63,No,DE
2015/05/23_14:38,canstockphoto.fr,54.165.135.188,No,US
2015/05/23_14:38,sparklogix.com,69.164.199.211,No,US
2015/05/23_14:38,47.pl,212.91.6.51,No,PL
2015/05/23_14:38,an.gob.ve,190.202.87.219,No,VE
2015/05/23_14:38,project2040.com,184.168.221.39,No,US
2015/05/23_14:38,leptiricabioskop.com,37.58.76.97,No,NL
2015/05/23_14:38,alt-team.com,74.124.197.51,No,US
2015/05/23_14:38,cercassicurazioni.it,95.174.26.10,No,IT
2015/05/23_14:38,edlovecoaching.com,118.127.46.78,No,AU
2015/05/23_14:38,finagarcia.com,185.42.104.16,No,ES
2015/05/23_14:38,madison-james.com,67.192.216.160,No,US
2015/05/23_14:38,arminvanbuuren.com,87.236.98.17,No,NL
2015/05/23_14:38,dein-allgaeu.de,62.116.144.35,No,DE
2015/05/23_14:38,narodnaia-meditzina.ru,5.101.152.58,No,RU
2015/05/23_14:38,xn----itbb3bibdckx.xn--p1ai,194.58.88.225,No,RU
2015/05/23_14:38,fansnetwork.co.uk,77.68.36.243,No,GB
2015/05/23_14:38,infinityshoes.com,50.16.239.99,No,US
2015/05/23_14:38,bostane.ir,79.127.127.68,No,IR
2015/05/23_14:38,mawared.qa,212.77.220.157,No,QA
2015/05/23_14:38,couponsanddiscounts.in,198.23.203.153,No,US
2015/05/23_14:38,honyakuctr.com,210.143.99.62,No,JP
2015/05/23_14:38,nilsson-arvidsson.com,89.221.250.25,No,SE
2015/05/23_14:38,responsiveclassroom.org,199.167.75.122,No,US
2015/05/23_14:38,premiumlista.com,192.185.103.82,No,US
2015/05/23_14:38,sc-runner.com,216.239.32.21,No,US
2015/05/23_14:38,clementokonkwo.org,198.12.157.141,No,US
2015/05/23_14:38,binagro.com,174.120.70.211,No,US
2015/05/23_14:38,latestinfographics.com,162.144.12.141,No,US
2015/05/23_14:38,tv24.vn,112.197.5.5,No,VN
2015/05/23_14:38,sweetashoney.co.nz,104.28.30.4,No,US
2015/05/23_14:38,entypo.com,62.20.1.160,No,SE
2015/05/23_14:38,profigym.hu,81.0.238.105,No,CZ
2015/05/23_14:38,penyagolosatrails.com,212.227.204.185,No,DE
2015/05/23_14:38,ishothim.com,104.28.4.37,No,US
2015/05/23_14:38,raring2go.co.uk,217.10.156.77,No,GB
2015/05/23_14:38,broncosports.com,64.30.228.20,No,US
2015/05/23_14:38,uslink24.info,192.64.115.50,No,US
2015/05/23_14:38,reportshoes.com,162.242.240.9,No,US
2015/05/23_14:38,bentleyschool.net,54.209.77.18,No,US
2015/05/23_14:38,softlakecity.ru,178.63.56.206,No,DE
2015/05/23_14:38,manglikmatrimony.com,115.112.200.94,No,IN
2015/05/23_14:38,starsport.com,74.200.250.154,No,US
2015/05/23_14:38,f1inschools.com.br,23.236.62.147,No,US
2015/05/23_14:38,stroyka.us,5.101.152.9,No,RU
2015/05/23_14:38,beveragefactory.com,54.193.101.248,No,US
2015/05/23_14:38,solagirl.net,50.87.151.183,No,US
2015/05/23_14:38,spotloan.com,54.86.172.123,No,US
2015/05/23_14:38,91boshi.net,115.28.164.167,No,CN
2015/05/23_14:38,autonetmagz.com,192.190.86.145,No,US
2015/05/23_14:38,prwd.co.uk,198.41.204.253,No,US
2015/05/23_14:38,ylmf123.com,103.43.25.10,No,CN
2015/05/23_14:38,sobay.com.tw,219.84.203.22,No,TW
2015/05/23_14:38,meinfoto.de,91.250.73.89,No,DE
2015/05/23_14:38,esucc.org,162.127.10.97,No,US
2015/05/23_14:38,agenciasairmet.com,37.187.150.25,No,FR
2015/05/23_14:38,sfcu.org,192.230.66.226,No,US
